team,matches_played,wins,win_percentage
Royal Challengers Bengaluru,46,29,63.04
Rising Pune Supergiant,16,10,62.50
Gujarat Titans,77,47,61.04
Chennai Super Kings,266,148,55.64
Mumbai Indians,291,155,53.26
Kolkata Knight Riders,278,140,50.36
Rajasthan Royals,251,123,49.00
Sunrisers Hyderabad,211,102,48.34
Delhi Capitals,120,58,48.33
Royal Challengers Bangalore,240,114,47.50
Lucknow Super Giants,72,34,47.22
Punjab Kings,88,41,46.59
Kings XI Punjab,190,85,44.74
Gujarat Lions,30,13,43.33
Kochi Tuskers Kerala,14,6,42.86
Delhi Daredevils,161,67,41.61
Deccan Chargers,75,29,38.67
Rising Pune Supergiants,14,5,35.71
Pune Warriors,46,12,26.09
